[{"model": "admin.logentry", "pk": 1, "fields": {"action_time": "2024-09-12T08:44:34.918Z", "user": 1, "content_type": 9, "object_id": "1", "object_repr": "rouge", "action_flag": 1, "change_message": "[{\"added\": {}}]"}}, {"model": "admin.logentry", "pk": 2, "fields": {"action_time": "2024-09-12T08:44:43.329Z", "user": 1, "content_type": 11, "object_id": "1", "object_repr": "couleur [rouge]", "action_flag": 1, "change_message": "[{\"added\": {}}]"}}, {"model": "admin.logentry", "pk": 3, "fields": {"action_time": "2024-09-12T08:44:49.488Z", "user": 1, "content_type": 9, "object_id": "2", "object_repr": "bleu", "action_flag": 1, "change_message": "[{\"added\": {}}]"}}, {"model": "admin.logentry", "pk": 4, "fields": {"action_time": "2024-09-12T08:44:50.914Z", "user": 1, "content_type": 11, "object_id": "2", "object_repr": "couleur [bleu]", "action_flag": 1, "change_message": "[{\"added\": {}}]"}}, {"model": "admin.logentry", "pk": 5, "fields": {"action_time": "2024-09-12T08:45:09.653Z", "user": 1, "content_type": 9, "object_id": "3", "object_repr": "blanc", "action_flag": 1, "change_message": "[{\"added\": {}}]"}}, {"model": "admin.logentry", "pk": 6, "fields": {"action_time": "2024-09-12T08:45:11.818Z", "user": 1, "content_type": 11, "object_id": "3", "object_repr": "couleur [blanc]", "action_flag": 1, "change_message": "[{\"added\": {}}]"}}, {"model": "admin.logentry", "pk": 7, "fields": {"action_time": "2024-09-12T08:45:32.265Z", "user": 1, "content_type": 9, "object_id": "4", "object_repr": "5 pouces", "action_flag": 1, "change_message": "[{\"added\": {}}]"}}, {"model": "admin.logentry", "pk": 8, "fields": {"action_time": "2024-09-12T08:45:33.281Z", "user": 1, "content_type": 11, "object_id": "4", "object_repr": "taille écran [5 pouces]", "action_flag": 1, "change_message": "[{\"added\": {}}]"}}, {"model": "admin.logentry", "pk": 9, "fields": {"action_time": "2024-09-12T08:45:46.986Z", "user": 1, "content_type": 9, "object_id": "5", "object_repr": "8 pouces", "action_flag": 1, "change_message": "[{\"added\": {}}]"}}, {"model": "admin.logentry", "pk": 10, "fields": {"action_time": "2024-09-12T08:45:48.266Z", "user": 1, "content_type": 11, "object_id": "5", "object_repr": "taille écran [8 pouces]", "action_flag": 1, "change_message": "[{\"added\": {}}]"}}, {"model": "admin.logentry", "pk": 11, "fields": {"action_time": "2024-09-19T07:41:59.932Z", "user": 1, "content_type": 7, "object_id": "1", "object_repr": "Iphone None", "action_flag": 1, "change_message": "[{\"added\": {}}, {\"added\": {\"name\": \"D\\u00e9clinaison Produit\", \"object\": \"Couleur None\"}}, {\"added\": {\"name\": \"D\\u00e9clinaison Produit\", \"object\": \"Taille None\"}}]"}}, {"model": "admin.logentry", "pk": 12, "fields": {"action_time": "2024-09-19T07:42:37.329Z", "user": 1, "content_type": 7, "object_id": "2", "object_repr": "Xiomi None", "action_flag": 1, "change_message": "[{\"added\": {}}, {\"added\": {\"name\": \"D\\u00e9clinaison Produit\", \"object\": \"Couleur None\"}}, {\"added\": {\"name\": \"D\\u00e9clinaison Produit\", \"object\": \"Taille None\"}}]"}}, {"model": "admin.logentry", "pk": 13, "fields": {"action_time": "2024-09-19T07:45:31.238Z", "user": 1, "content_type": 7, "object_id": "3", "object_repr": "iPod None", "action_flag": 1, "change_message": "[{\"added\": {}}, {\"added\": {\"name\": \"D\\u00e9clinaison Produit\", \"object\": \"Couleur None\"}}, {\"added\": {\"name\": \"D\\u00e9clinaison Produit\", \"object\": \"Taille None\"}}]"}}, {"model": "admin.logentry", "pk": 14, "fields": {"action_time": "2024-09-19T07:46:14.235Z", "user": 1, "content_type": 7, "object_id": "2", "object_repr": "iPad None", "action_flag": 2, "change_message": "[{\"changed\": {\"fields\": [\"Name\", \"Prix unitaire HT\", \"Prix unitaire TTC\"]}}]"}}, {"model": "admin.logentry", "pk": 15, "fields": {"action_time": "2024-09-19T07:56:38.561Z", "user": 1, "content_type": 7, "object_id": "3", "object_repr": "iPod None", "action_flag": 2, "change_message": "[{\"changed\": {\"fields\": [\"Prix unitaire HT\"]}}]"}}, {"model": "admin.logentry", "pk": 16, "fields": {"action_time": "2024-09-19T07:56:42.129Z", "user": 1, "content_type": 7, "object_id": "3", "object_repr": "iPod None", "action_flag": 2, "change_message": "[{\"changed\": {\"fields\": [\"Prix unitaire HT\"]}}]"}}, {"model": "admin.logentry", "pk": 17, "fields": {"action_time": "2024-10-03T08:08:31.430Z", "user": 1, "content_type": 9, "object_id": "5", "object_repr": "8 pouces", "action_flag": 3, "change_message": ""}}, {"model": "admin.logentry", "pk": 18, "fields": {"action_time": "2024-10-03T08:08:31.430Z", "user": 1, "content_type": 9, "object_id": "4", "object_repr": "5 pouces", "action_flag": 3, "change_message": ""}}, {"model": "admin.logentry", "pk": 19, "fields": {"action_time": "2024-10-03T08:08:31.430Z", "user": 1, "content_type": 9, "object_id": "3", "object_repr": "blanc", "action_flag": 3, "change_message": ""}}, {"model": "admin.logentry", "pk": 20, "fields": {"action_time": "2024-10-03T08:08:31.430Z", "user": 1, "content_type": 9, "object_id": "2", "object_repr": "bleu", "action_flag": 3, "change_message": ""}}, {"model": "admin.logentry", "pk": 21, "fields": {"action_time": "2024-10-03T08:08:31.430Z", "user": 1, "content_type": 9, "object_id": "1", "object_repr": "rouge", "action_flag": 3, "change_message": ""}}, {"model": "admin.logentry", "pk": 22, "fields": {"action_time": "2024-10-03T08:08:38.417Z", "user": 1, "content_type": 9, "object_id": "6", "object_repr": "Couleur", "action_flag": 1, "change_message": "[{\"added\": {}}]"}}, {"model": "admin.logentry", "pk": 23, "fields": {"action_time": "2024-10-03T08:08:45.300Z", "user": 1, "content_type": 9, "object_id": "7", "object_repr": "Taille écran", "action_flag": 1, "change_message": "[{\"added\": {}}]"}}, {"model": "admin.logentry", "pk": 24, "fields": {"action_time": "2024-10-03T08:08:49.184Z", "user": 1, "content_type": 9, "object_id": "8", "object_repr": "Poids", "action_flag": 1, "change_message": "[{\"added\": {}}]"}}, {"model": "admin.logentry", "pk": 25, "fields": {"action_time": "2024-10-03T08:09:08.002Z", "user": 1, "content_type": 8, "object_id": "6", "object_repr": "Taille None", "action_flag": 3, "change_message": ""}}, {"model": "admin.logentry", "pk": 26, "fields": {"action_time": "2024-10-03T08:09:08.002Z", "user": 1, "content_type": 8, "object_id": "5", "object_repr": "Couleur None", "action_flag": 3, "change_message": ""}}, {"model": "admin.logentry", "pk": 27, "fields": {"action_time": "2024-10-03T08:09:08.002Z", "user": 1, "content_type": 8, "object_id": "4", "object_repr": "Taille None", "action_flag": 3, "change_message": ""}}, {"model": "admin.logentry", "pk": 28, "fields": {"action_time": "2024-10-03T08:09:08.002Z", "user": 1, "content_type": 8, "object_id": "3", "object_repr": "Couleur None", "action_flag": 3, "change_message": ""}}, {"model": "admin.logentry", "pk": 29, "fields": {"action_time": "2024-10-03T08:09:08.002Z", "user": 1, "content_type": 8, "object_id": "2", "object_repr": "Taille None", "action_flag": 3, "change_message": ""}}, {"model": "admin.logentry", "pk": 30, "fields": {"action_time": "2024-10-03T08:09:08.002Z", "user": 1, "content_type": 8, "object_id": "1", "object_repr": "Couleur None", "action_flag": 3, "change_message": ""}}, {"model": "admin.logentry", "pk": 31, "fields": {"action_time": "2024-10-03T08:09:30.674Z", "user": 1, "content_type": 11, "object_id": "6", "object_repr": "balcn [Couleur]", "action_flag": 1, "change_message": "[{\"added\": {}}]"}}, {"model": "admin.logentry", "pk": 32, "fields": {"action_time": "2024-10-03T08:09:35.301Z", "user": 1, "content_type": 11, "object_id": "7", "object_repr": "bleu [Couleur]", "action_flag": 1, "change_message": "[{\"added\": {}}]"}}, {"model": "admin.logentry", "pk": 33, "fields": {"action_time": "2024-10-03T08:09:39.768Z", "user": 1, "content_type": 11, "object_id": "8", "object_repr": "rouge [Couleur]", "action_flag": 1, "change_message": "[{\"added\": {}}]"}}, {"model": "admin.logentry", "pk": 34, "fields": {"action_time": "2024-10-03T08:09:48.700Z", "user": 1, "content_type": 11, "object_id": "9", "object_repr": "5 pouces [Taille écran]", "action_flag": 1, "change_message": "[{\"added\": {}}]"}}, {"model": "admin.logentry", "pk": 35, "fields": {"action_time": "2024-10-03T08:09:53.661Z", "user": 1, "content_type": 11, "object_id": "10", "object_repr": "8 pouces [Taille écran]", "action_flag": 1, "change_message": "[{\"added\": {}}]"}}, {"model": "admin.logentry", "pk": 36, "fields": {"action_time": "2024-10-03T08:09:59.216Z", "user": 1, "content_type": 11, "object_id": "11", "object_repr": "16 pouces [Taille écran]", "action_flag": 1, "change_message": "[{\"added\": {}}]"}}, {"model": "admin.logentry", "pk": 37, "fields": {"action_time": "2024-10-03T08:10:04.816Z", "user": 1, "content_type": 11, "object_id": "12", "object_repr": "150g [Poids]", "action_flag": 1, "change_message": "[{\"added\": {}}]"}}, {"model": "admin.logentry", "pk": 38, "fields": {"action_time": "2024-10-03T08:10:09.266Z", "user": 1, "content_type": 11, "object_id": "13", "object_repr": "65g [Poids]", "action_flag": 1, "change_message": "[{\"added\": {}}]"}}, {"model": "admin.logentry", "pk": 39, "fields": {"action_time": "2024-10-03T08:10:16.701Z", "user": 1, "content_type": 11, "object_id": "14", "object_repr": "368g [Poids]", "action_flag": 1, "change_message": "[{\"added\": {}}]"}}, {"model": "admin.logentry", "pk": 40, "fields": {"action_time": "2024-10-03T08:34:49.999Z", "user": 1, "content_type": 11, "object_id": "6", "object_repr": "blanc [Couleur]", "action_flag": 2, "change_message": "[{\"changed\": {\"fields\": [\"Value\"]}}]"}}, {"model": "admin.logentry", "pk": 41, "fields": {"action_time": "2024-10-03T08:37:07.758Z", "user": 1, "content_type": 8, "object_id": "7", "object_repr": "iPod None iPod PDCFD", "action_flag": 1, "change_message": "[{\"added\": {}}]"}}, {"model": "admin.logentry", "pk": 42, "fields": {"action_time": "2024-10-03T08:37:15.323Z", "user": 1, "content_type": 8, "object_id": "7", "object_repr": "iPod None iPod PDCFD", "action_flag": 2, "change_message": "[]"}}, {"model": "admin.logentry", "pk": 43, "fields": {"action_time": "2024-10-03T08:37:44.631Z", "user": 1, "content_type": 8, "object_id": "8", "object_repr": "iPod None iPod CRTSZ", "action_flag": 1, "change_message": "[{\"added\": {}}]"}}, {"model": "admin.logentry", "pk": 44, "fields": {"action_time": "2024-10-03T08:38:05.941Z", "user": 1, "content_type": 8, "object_id": "9", "object_repr": "Iphone None iPhone BZD", "action_flag": 1, "change_message": "[{\"added\": {}}]"}}, {"model": "admin.logentry", "pk": 45, "fields": {"action_time": "2024-10-03T08:38:21.985Z", "user": 1, "content_type": 8, "object_id": "10", "object_repr": "iPad None iPad GGDVD", "action_flag": 1, "change_message": "[{\"added\": {}}]"}}, {"model": "admin.logentry", "pk": 46, "fields": {"action_time": "2024-10-17T08:15:36.154Z", "user": 1, "content_type": 12, "object_id": "3", "object_repr": "Martin", "action_flag": 2, "change_message": "[{\"changed\": {\"name\": \"product supplier\", \"object\": \"ProductSupplier object (1)\", \"fields\": [\"Quantit\\u00e9 en stock\"]}}]"}}, {"model": "admin.logentry", "pk": 47, "fields": {"action_time": "2024-10-17T08:15:48.444Z", "user": 1, "content_type": 12, "object_id": "2", "object_repr": "Durand", "action_flag": 2, "change_message": "[{\"changed\": {\"name\": \"product supplier\", \"object\": \"ProductSupplier object (2)\", \"fields\": [\"Quantit\\u00e9 en stock\"]}}, {\"changed\": {\"name\": \"product supplier\", \"object\": \"ProductSupplier object (3)\", \"fields\": [\"Quantit\\u00e9 en stock\"]}}]"}}, {"model": "admin.logentry", "pk": 48, "fields": {"action_time": "2024-10-17T13:25:23.603Z", "user": 1, "content_type": 12, "object_id": "3", "object_repr": "Martin", "action_flag": 2, "change_message": "[{\"changed\": {\"name\": \"product supplier\", \"object\": \"ProductSupplier object (5)\", \"fields\": [\"Prix unitaire TTC\"]}}]"}}, {"model": "admin.logentry", "pk": 49, "fields": {"action_time": "2024-10-17T13:25:33.973Z", "user": 1, "content_type": 12, "object_id": "2", "object_repr": "Durand", "action_flag": 2, "change_message": "[{\"changed\": {\"name\": \"product supplier\", \"object\": \"ProductSupplier object (4)\", \"fields\": [\"Prix unitaire TTC\"]}}]"}}, {"model": "admin.logentry", "pk": 50, "fields": {"action_time": "2024-10-20T10:50:22.112Z", "user": 1, "content_type": 4, "object_id": "2", "object_repr": "Baptched", "action_flag": 3, "change_message": ""}}, {"model": "admin.logentry", "pk": 51, "fields": {"action_time": "2024-10-20T10:50:22.112Z", "user": 1, "content_type": 4, "object_id": "4", "object_repr": "b", "action_flag": 3, "change_message": ""}}, {"model": "admin.logentry", "pk": 52, "fields": {"action_time": "2024-10-20T10:50:37.373Z", "user": 1, "content_type": 4, "object_id": "5", "object_repr": "Baptiste", "action_flag": 2, "change_message": "[{\"changed\": {\"fields\": [\"Username\"]}}]"}}, {"model": "admin.logentry", "pk": 53, "fields": {"action_time": "2024-10-20T11:05:25.507Z", "user": 1, "content_type": 12, "object_id": "2", "object_repr": "Amazon", "action_flag": 2, "change_message": "[{\"changed\": {\"name\": \"product supplier\", \"object\": \"ProductSupplier object (4)\", \"fields\": [\"Quantit\\u00e9 en stock\"]}}]"}}, {"model": "admin.logentry", "pk": 54, "fields": {"action_time": "2024-10-20T12:03:15.391Z", "user": 1, "content_type": 7, "object_id": "4", "object_repr": "Ecouteur", "action_flag": 3, "change_message": ""}}, {"model": "admin.logentry", "pk": 55, "fields": {"action_time": "2024-10-20T12:14:37.919Z", "user": 1, "content_type": 7, "object_id": "5", "object_repr": "Ecouteur", "action_flag": 3, "change_message": ""}}, {"model": "admin.logentry", "pk": 56, "fields": {"action_time": "2024-10-20T12:22:55.703Z", "user": 1, "content_type": 7, "object_id": "7", "object_repr": "Ecouteur", "action_flag": 3, "change_message": ""}}, {"model": "admin.logentry", "pk": 57, "fields": {"action_time": "2024-10-20T12:22:55.703Z", "user": 1, "content_type": 7, "object_id": "6", "object_repr": "e", "action_flag": 3, "change_message": ""}}, {"model": "admin.logentry", "pk": 58, "fields": {"action_time": "2024-10-20T12:24:19.717Z", "user": 1, "content_type": 7, "object_id": "8", "object_repr": "Ecouteur", "action_flag": 3, "change_message": ""}}, {"model": "admin.logentry", "pk": 59, "fields": {"action_time": "2024-10-20T12:26:38.635Z", "user": 1, "content_type": 7, "object_id": "9", "object_repr": "Ecouter", "action_flag": 3, "change_message": ""}}, {"model": "auth.permission", "pk": 1, "fields": {"name": "Can add log entry", "content_type": 1, "codename": "add_logentry"}}, {"model": "auth.permission", "pk": 2, "fields": {"name": "Can change log entry", "content_type": 1, "codename": "change_logentry"}}, {"model": "auth.permission", "pk": 3, "fields": {"name": "Can delete log entry", "content_type": 1, "codename": "delete_logentry"}}, {"model": "auth.permission", "pk": 4, "fields": {"name": "Can view log entry", "content_type": 1, "codename": "view_logentry"}}, {"model": "auth.permission", "pk": 5, "fields": {"name": "Can add permission", "content_type": 2, "codename": "add_permission"}}, {"model": "auth.permission", "pk": 6, "fields": {"name": "Can change permission", "content_type": 2, "codename": "change_permission"}}, {"model": "auth.permission", "pk": 7, "fields": {"name": "Can delete permission", "content_type": 2, "codename": "delete_permission"}}, {"model": "auth.permission", "pk": 8, "fields": {"name": "Can view permission", "content_type": 2, "codename": "view_permission"}}, {"model": "auth.permission", "pk": 9, "fields": {"name": "Can add group", "content_type": 3, "codename": "add_group"}}, {"model": "auth.permission", "pk": 10, "fields": {"name": "Can change group", "content_type": 3, "codename": "change_group"}}, {"model": "auth.permission", "pk": 11, "fields": {"name": "Can delete group", "content_type": 3, "codename": "delete_group"}}, {"model": "auth.permission", "pk": 12, "fields": {"name": "Can view group", "content_type": 3, "codename": "view_group"}}, {"model": "auth.permission", "pk": 13, "fields": {"name": "Can add user", "content_type": 4, "codename": "add_user"}}, {"model": "auth.permission", "pk": 14, "fields": {"name": "Can change user", "content_type": 4, "codename": "change_user"}}, {"model": "auth.permission", "pk": 15, "fields": {"name": "Can delete user", "content_type": 4, "codename": "delete_user"}}, {"model": "auth.permission", "pk": 16, "fields": {"name": "Can view user", "content_type": 4, "codename": "view_user"}}, {"model": "auth.permission", "pk": 17, "fields": {"name": "Can add content type", "content_type": 5, "codename": "add_contenttype"}}, {"model": "auth.permission", "pk": 18, "fields": {"name": "Can change content type", "content_type": 5, "codename": "change_contenttype"}}, {"model": "auth.permission", "pk": 19, "fields": {"name": "Can delete content type", "content_type": 5, "codename": "delete_contenttype"}}, {"model": "auth.permission", "pk": 20, "fields": {"name": "Can view content type", "content_type": 5, "codename": "view_contenttype"}}, {"model": "auth.permission", "pk": 21, "fields": {"name": "Can add session", "content_type": 6, "codename": "add_session"}}, {"model": "auth.permission", "pk": 22, "fields": {"name": "Can change session", "content_type": 6, "codename": "change_session"}}, {"model": "auth.permission", "pk": 23, "fields": {"name": "Can delete session", "content_type": 6, "codename": "delete_session"}}, {"model": "auth.permission", "pk": 24, "fields": {"name": "Can view session", "content_type": 6, "codename": "view_session"}}, {"model": "auth.permission", "pk": 25, "fields": {"name": "Can add Produit", "content_type": 7, "codename": "add_product"}}, {"model": "auth.permission", "pk": 26, "fields": {"name": "Can change Produit", "content_type": 7, "codename": "change_product"}}, {"model": "auth.permission", "pk": 27, "fields": {"name": "Can delete Produit", "content_type": 7, "codename": "delete_product"}}, {"model": "auth.permission", "pk": 28, "fields": {"name": "Can view Produit", "content_type": 7, "codename": "view_product"}}, {"model": "auth.permission", "pk": 29, "fields": {"name": "Can add Déclinaison Produit", "content_type": 8, "codename": "add_productitem"}}, {"model": "auth.permission", "pk": 30, "fields": {"name": "Can change Déclinaison Produit", "content_type": 8, "codename": "change_productitem"}}, {"model": "auth.permission", "pk": 31, "fields": {"name": "Can delete Déclinaison Produit", "content_type": 8, "codename": "delete_productitem"}}, {"model": "auth.permission", "pk": 32, "fields": {"name": "Can view Déclinaison Produit", "content_type": 8, "codename": "view_productitem"}}, {"model": "auth.permission", "pk": 33, "fields": {"name": "Can add Attribut", "content_type": 9, "codename": "add_productattribute"}}, {"model": "auth.permission", "pk": 34, "fields": {"name": "Can change Attribut", "content_type": 9, "codename": "change_productattribute"}}, {"model": "auth.permission", "pk": 35, "fields": {"name": "Can delete Attribut", "content_type": 9, "codename": "delete_productattribute"}}, {"model": "auth.permission", "pk": 36, "fields": {"name": "Can view Attribut", "content_type": 9, "codename": "view_productattribute"}}, {"model": "auth.permission", "pk": 37, "fields": {"name": "Can add status", "content_type": 10, "codename": "add_status"}}, {"model": "auth.permission", "pk": 38, "fields": {"name": "Can change status", "content_type": 10, "codename": "change_status"}}, {"model": "auth.permission", "pk": 39, "fields": {"name": "Can delete status", "content_type": 10, "codename": "delete_status"}}, {"model": "auth.permission", "pk": 40, "fields": {"name": "Can view status", "content_type": 10, "codename": "view_status"}}, {"model": "auth.permission", "pk": 41, "fields": {"name": "Can add Valeur attribut", "content_type": 11, "codename": "add_productattributevalue"}}, {"model": "auth.permission", "pk": 42, "fields": {"name": "Can change Valeur attribut", "content_type": 11, "codename": "change_productattributevalue"}}, {"model": "auth.permission", "pk": 43, "fields": {"name": "Can delete Valeur attribut", "content_type": 11, "codename": "delete_productattributevalue"}}, {"model": "auth.permission", "pk": 44, "fields": {"name": "Can view Valeur attribut", "content_type": 11, "codename": "view_productattributevalue"}}, {"model": "auth.permission", "pk": 45, "fields": {"name": "Can add Supplier", "content_type": 12, "codename": "add_supplier"}}, {"model": "auth.permission", "pk": 46, "fields": {"name": "Can change Supplier", "content_type": 12, "codename": "change_supplier"}}, {"model": "auth.permission", "pk": 47, "fields": {"name": "Can delete Supplier", "content_type": 12, "codename": "delete_supplier"}}, {"model": "auth.permission", "pk": 48, "fields": {"name": "Can view Supplier", "content_type": 12, "codename": "view_supplier"}}, {"model": "auth.permission", "pk": 49, "fields": {"name": "Can add product supplier", "content_type": 13, "codename": "add_productsupplier"}}, {"model": "auth.permission", "pk": 50, "fields": {"name": "Can change product supplier", "content_type": 13, "codename": "change_productsupplier"}}, {"model": "auth.permission", "pk": 51, "fields": {"name": "Can delete product supplier", "content_type": 13, "codename": "delete_productsupplier"}}, {"model": "auth.permission", "pk": 52, "fields": {"name": "Can view product supplier", "content_type": 13, "codename": "view_productsupplier"}}, {"model": "auth.permission", "pk": 53, "fields": {"name": "Can add order", "content_type": 14, "codename": "add_order"}}, {"model": "auth.permission", "pk": 54, "fields": {"name": "Can change order", "content_type": 14, "codename": "change_order"}}, {"model": "auth.permission", "pk": 55, "fields": {"name": "Can delete order", "content_type": 14, "codename": "delete_order"}}, {"model": "auth.permission", "pk": 56, "fields": {"name": "Can view order", "content_type": 14, "codename": "view_order"}}, {"model": "auth.permission", "pk": 57, "fields": {"name": "Can add order item", "content_type": 15, "codename": "add_orderitem"}}, {"model": "auth.permission", "pk": 58, "fields": {"name": "Can change order item", "content_type": 15, "codename": "change_orderitem"}}, {"model": "auth.permission", "pk": 59, "fields": {"name": "Can delete order item", "content_type": 15, "codename": "delete_orderitem"}}, {"model": "auth.permission", "pk": 60, "fields": {"name": "Can view order item", "content_type": 15, "codename": "view_orderitem"}}, {"model": "auth.permission", "pk": 61, "fields": {"name": "Can add cart", "content_type": 16, "codename": "add_cart"}}, {"model": "auth.permission", "pk": 62, "fields": {"name": "Can change cart", "content_type": 16, "codename": "change_cart"}}, {"model": "auth.permission", "pk": 63, "fields": {"name": "Can delete cart", "content_type": 16, "codename": "delete_cart"}}, {"model": "auth.permission", "pk": 64, "fields": {"name": "Can view cart", "content_type": 16, "codename": "view_cart"}}, {"model": "auth.permission", "pk": 65, "fields": {"name": "Can add cart item", "content_type": 17, "codename": "add_cartitem"}}, {"model": "auth.permission", "pk": 66, "fields": {"name": "Can change cart item", "content_type": 17, "codename": "change_cartitem"}}, {"model": "auth.permission", "pk": 67, "fields": {"name": "Can delete cart item", "content_type": 17, "codename": "delete_cartitem"}}, {"model": "auth.permission", "pk": 68, "fields": {"name": "Can view cart item", "content_type": 17, "codename": "view_cartitem"}}, {"model": "auth.permission", "pk": 69, "fields": {"name": "Can add user", "content_type": 18, "codename": "add_user"}}, {"model": "auth.permission", "pk": 70, "fields": {"name": "Can change user", "content_type": 18, "codename": "change_user"}}, {"model": "auth.permission", "pk": 71, "fields": {"name": "Can delete user", "content_type": 18, "codename": "delete_user"}}, {"model": "auth.permission", "pk": 72, "fields": {"name": "Can view user", "content_type": 18, "codename": "view_user"}}, {"model": "auth.permission", "pk": 73, "fields": {"name": "Can add supplier sell product", "content_type": 19, "codename": "add_suppliersellproduct"}}, {"model": "auth.permission", "pk": 74, "fields": {"name": "Can change supplier sell product", "content_type": 19, "codename": "change_suppliersellproduct"}}, {"model": "auth.permission", "pk": 75, "fields": {"name": "Can delete supplier sell product", "content_type": 19, "codename": "delete_suppliersellproduct"}}, {"model": "auth.permission", "pk": 76, "fields": {"name": "Can view supplier sell product", "content_type": 19, "codename": "view_suppliersellproduct"}}, {"model": "auth.permission", "pk": 77, "fields": {"name": "Can add validated cart", "content_type": 20, "codename": "add_validatedcart"}}, {"model": "auth.permission", "pk": 78, "fields": {"name": "Can change validated cart", "content_type": 20, "codename": "change_validatedcart"}}, {"model": "auth.permission", "pk": 79, "fields": {"name": "Can delete validated cart", "content_type": 20, "codename": "delete_validatedcart"}}, {"model": "auth.permission", "pk": 80, "fields": {"name": "Can view validated cart", "content_type": 20, "codename": "view_validatedcart"}}, {"model": "auth.permission", "pk": 81, "fields": {"name": "Can add validated cart item", "content_type": 21, "codename": "add_validatedcartitem"}}, {"model": "auth.permission", "pk": 82, "fields": {"name": "Can change validated cart item", "content_type": 21, "codename": "change_validatedcartitem"}}, {"model": "auth.permission", "pk": 83, "fields": {"name": "Can delete validated cart item", "content_type": 21, "codename": "delete_validatedcartitem"}}, {"model": "auth.permission", "pk": 84, "fields": {"name": "Can view validated cart item", "content_type": 21, "codename": "view_validatedcartitem"}}, {"model": "auth.user", "pk": 1, "fields": {"password": "pbkdf2_sha256$870000$O7d05OIpufJkQSwLMlWIeo$M8cxtGB5td6tZzUE2EeuTO/dM5JowgiEsRbWisd3Ax4=", "last_login": "2024-10-20T12:18:23.745Z", "is_superuser": true, "username": "baptched", "first_name": "", "last_name": "", "email": "", "is_staff": true, "is_active": true, "date_joined": "2024-09-12T08:42:56.251Z", "groups": [], "user_permissions": []}}, {"model": "auth.user", "pk": 3, "fields": {"password": "pbkdf2_sha256$260000$...", "last_login": null, "is_superuser": false, "username": "denysdurand", "first_name": "", "last_name": "", "email": "denys.durand@gmail.com", "is_staff": false, "is_active": true, "date_joined": "2023-10-12T10:21:35.767Z", "groups": [], "user_permissions": []}}, {"model": "auth.user", "pk": 5, "fields": {"password": "pbkdf2_sha256$870000$3i5fgPUmpfrkeLuJ4DH8fP$21iXSiRn8RFoo0XO1xac0R9msG0FtDkQkMLMec48QeU=", "last_login": "2024-10-20T11:38:33.828Z", "is_superuser": false, "username": "Baptiste", "first_name": "", "last_name": "", "email": "", "is_staff": false, "is_active": true, "date_joined": "2024-10-17T12:50:13Z", "groups": [], "user_permissions": []}}, {"model": "auth.user", "pk": 6, "fields": {"password": "pbkdf2_sha256$870000$bd9ujxG0YykJw6lfPInpmB$Xo8B+KAlHjC8g6TkTeGCiPV1rhmgqb/y+aNEm4KUONo=", "last_login": "2024-10-20T13:52:00.287Z", "is_superuser": true, "username": "admin", "first_name": "", "last_name": "", "email": "admin.admin@gmail.com", "is_staff": true, "is_active": true, "date_joined": "2024-10-20T13:51:41.370Z", "groups": [], "user_permissions": []}}, {"model": "auth.user", "pk": 7, "fields": {"password": "pbkdf2_sha256$870000$QxHFTEOC67v0lA5SORjc1V$Gmxv86mPtK5SqlHQr/IWIa0uHwiA8tt/qbbkixbmxdc=", "last_login": "2024-10-20T13:52:21.433Z", "is_superuser": false, "username": "a", "first_name": "", "last_name": "", "email": "", "is_staff": false, "is_active": true, "date_joined": "2024-10-20T13:52:18.319Z", "groups": [], "user_permissions": []}}, {"model": "contenttypes.contenttype", "pk": 1, "fields": {"app_label": "admin", "model": "logentry"}}, {"model": "contenttypes.contenttype", "pk": 2, "fields": {"app_label": "auth", "model": "permission"}}, {"model": "contenttypes.contenttype", "pk": 3, "fields": {"app_label": "auth", "model": "group"}}, {"model": "contenttypes.contenttype", "pk": 4, "fields": {"app_label": "auth", "model": "user"}}, {"model": "contenttypes.contenttype", "pk": 5, "fields": {"app_label": "contenttypes", "model": "contenttype"}}, {"model": "contenttypes.contenttype", "pk": 6, "fields": {"app_label": "sessions", "model": "session"}}, {"model": "contenttypes.contenttype", "pk": 7, "fields": {"app_label": "monapp", "model": "product"}}, {"model": "contenttypes.contenttype", "pk": 8, "fields": {"app_label": "monapp", "model": "productitem"}}, {"model": "contenttypes.contenttype", "pk": 9, "fields": {"app_label": "monapp", "model": "productattribute"}}, {"model": "contenttypes.contenttype", "pk": 10, "fields": {"app_label": "monapp", "model": "status"}}, {"model": "contenttypes.contenttype", "pk": 11, "fields": {"app_label": "monapp", "model": "productattributevalue"}}, {"model": "contenttypes.contenttype", "pk": 12, "fields": {"app_label": "monapp", "model": "supplier"}}, {"model": "contenttypes.contenttype", "pk": 13, "fields": {"app_label": "monapp", "model": "productsupplier"}}, {"model": "contenttypes.contenttype", "pk": 14, "fields": {"app_label": "monapp", "model": "order"}}, {"model": "contenttypes.contenttype", "pk": 15, "fields": {"app_label": "monapp", "model": "orderitem"}}, {"model": "contenttypes.contenttype", "pk": 16, "fields": {"app_label": "monapp", "model": "cart"}}, {"model": "contenttypes.contenttype", "pk": 17, "fields": {"app_label": "monapp", "model": "cartitem"}}, {"model": "contenttypes.contenttype", "pk": 18, "fields": {"app_label": "monapp", "model": "user"}}, {"model": "contenttypes.contenttype", "pk": 19, "fields": {"app_label": "monapp", "model": "suppliersellproduct"}}, {"model": "contenttypes.contenttype", "pk": 20, "fields": {"app_label": "monapp", "model": "validatedcart"}}, {"model": "contenttypes.contenttype", "pk": 21, "fields": {"app_label": "monapp", "model": "validatedcartitem"}}, {"model": "sessions.session", "pk": "7g4khka5go7rylnqr0sw56n6v7pe5zuw", "fields": {"session_data": ".eJxVjMsOwiAQRf-FtSFACzPj0n2_oRkeStVAUtqV8d-VpAvd3nPOfYmZ9y3Pe0vrvERxFlqcfjfP4ZFKB_HO5VZlqGVbFy-7Ig_a5FRjel4O9-8gc8u9DsGQ1g5wcHxlO5JFUOSBbFSMzgIaCnFM_LXAejXYZBA0KIzBM4n3B8HpNv0:1t2Sdn:T3W8wU-Xvrk4TX9NuYH2tCweznk5hyhlYsOgkNHs29U", "expire_date": "2024-11-03T09:54:27.996Z"}}, {"model": "sessions.session", "pk": "ci5ewtb5o8t82jcoycqbmcb9t0b0fr74", "fields": {"session_data": "eyJzdXBwbGllciI6N30:1t2UzR:hGMUnZXZp0Vzq1zwTWkDTBn1DFHZYVrHU1gAM_c6hkU", "expire_date": "2024-11-03T12:24:57.632Z"}}, {"model": "sessions.session", "pk": "hw8z3lc1fwmon5f89hcsoc5ll41ep9b2", "fields": {"session_data": "e30:1stjZm:efw8PDolcxTo8iut553nQauLZF_hLtpFtjTEgW-8TS0", "expire_date": "2024-10-10T08:10:14.740Z"}}, {"model": "sessions.session", "pk": "mika89iqw1bu6rv1vitf2luhcpal3xdn", "fields": {"session_data": ".eJxVjDsOwjAQBe_iGlkx8W8p6XMGa9dr4wCypTipEHeHSCmgfTPzXiLgtpaw9bSEmcVFOHH63QjjI9Ud8B3rrcnY6rrMJHdFHrTLqXF6Xg_376BgL99aGWUVGiB_ZgDlcLCOmbSlyCaP0WryA2RCcoZ9AvAaYbQpe1aadRbvD96QOCY:1t2WM1:eH2WkU-fsU7ODKTVtW3gKQcInsaGNgnwpAmYinw0bow", "expire_date": "2024-11-03T13:52:21.443Z"}}, {"model": "sessions.session", "pk": "tf98shpqhiumpcwxdoxrqj1omdepkh9z", "fields": {"session_data": ".eJxVjMsOwiAQRf-FtSFACzPj0n2_oRkeStVAUtqV8d-VpAvd3nPOfYmZ9y3Pe0vrvERxFlqcfjfP4ZFKB_HO5VZlqGVbFy-7Ig_a5FRjel4O9-8gc8u9DsGQ1g5wcHxlO5JFUOSBbFSMzgIaCnFM_LXAejXYZBA0KIzBM4n3B8HpNv0:1t2UKv:EqkNihrdgUMq4w20M26J7hwWEZ2ZIAScdUgqj1IFSzU", "expire_date": "2024-11-03T11:43:05.699Z"}}, {"model": "sessions.session", "pk": "umjjjz3juzf1x70os7btyem7e20cqx3c", "fields": {"session_data": ".eJxVjMsOwiAQRf-FtSFMOwi4dN9vIDM8pGogKe3K-O_apAvd3nPOfQlP21r81tPi5yguYhCn340pPFLdQbxTvTUZWl2XmeWuyIN2ObWYntfD_Tso1Mu3tkazzUHByKAxBNQjJBcsZGOQGIx2zAjWECcXMQ58jgBOKc42OUTx_gDYdDen:1stk0Y:Fgu_E9H0dOW2P9ys3ldBpDSGa3cH9eh-zDxsQjVBY4s", "expire_date": "2024-10-10T08:37:54.144Z"}}, {"model": "sessions.session", "pk": "uot0i6ium4aam8l8tvawudg124t4jhnl", "fields": {"session_data": ".eJxVjMsOwiAQRf-FtSFACzPj0n2_oRkeStVAUtqV8d-VpAvd3nPOfYmZ9y3Pe0vrvERxFlqcfjfP4ZFKB_HO5VZlqGVbFy-7Ig_a5FRjel4O9-8gc8u9DsGQ1g5wcHxlO5JFUOSBbFSMzgIaCnFM_LXAejXYZBA0KIzBM4n3B8HpNv0:1t2SjL:xO7e5Mdi0TjMfRpy40SvrkC-127pyIhOb6sguRVub94", "expire_date": "2024-11-03T10:00:11.298Z"}}, {"model": "monapp.product", "pk": 1, "fields": {"name": "Iphone", "code": null, "status": 1, "date_creation": "2024-09-19T07:41:10Z", "image": "img/iphone.jpg"}}, {"model": "monapp.product", "pk": 2, "fields": {"name": "iPad", "code": null, "status": 0, "date_creation": "2024-09-19T07:42:13Z", "image": "img/ipad.jpg"}}, {"model": "monapp.product", "pk": 3, "fields": {"name": "iPod", "code": null, "status": 1, "date_creation": "2024-09-19T07:45:02Z", "image": "img/ipod.jpg"}}, {"model": "monapp.product", "pk": 10, "fields": {"name": "Ecouteur", "code": null, "status": 0, "date_creation": "2024-10-20T12:26:59Z", "image": "img/ecouteur.jpeg"}}, {"model": "monapp.productsupplier", "pk": 1, "fields": {"product": 1, "supplier": 3, "price": "1500.00", "quantity": 15}}, {"model": "monapp.productsupplier", "pk": 2, "fields": {"product": 2, "supplier": 2, "price": "800.00", "quantity": 100}}, {"model": "monapp.productsupplier", "pk": 3, "fields": {"product": 3, "supplier": 2, "price": "300.00", "quantity": 20}}, {"model": "monapp.productsupplier", "pk": 4, "fields": {"product": 1, "supplier": 2, "price": "1450.00", "quantity": 0}}, {"model": "monapp.productsupplier", "pk": 5, "fields": {"product": 2, "supplier": 3, "price": "800.00", "quantity": 99}}, {"model": "monapp.productsupplier", "pk": 6, "fields": {"product": 1, "supplier": 7, "price": "1200.00", "quantity": 9}}, {"model": "monapp.productsupplier", "pk": 7, "fields": {"product": 10, "supplier": 7, "price": "30.00", "quantity": 5}}, {"model": "monapp.suppliersellproduct", "pk": 2, "fields": {"supplier": 3, "product": 1, "price": "1010.00"}}, {"model": "monapp.suppliersellproduct", "pk": 3, "fields": {"supplier": 3, "product": 2, "price": "500.00"}}, {"model": "monapp.suppliersellproduct", "pk": 4, "fields": {"supplier": 2, "product": 1, "price": "10000.00"}}, {"model": "monapp.suppliersellproduct", "pk": 5, "fields": {"supplier": 2, "product": 3, "price": "1000.00"}}, {"model": "monapp.suppliersellproduct", "pk": 6, "fields": {"supplier": 3, "product": 3, "price": "200.00"}}, {"model": "monapp.suppliersellproduct", "pk": 8, "fields": {"supplier": 7, "product": 1, "price": "1200.00"}}, {"model": "monapp.suppliersellproduct", "pk": 9, "fields": {"supplier": 7, "product": 10, "price": "30.00"}}, {"model": "monapp.order", "pk": 1, "fields": {"supplier": 2, "status": 2, "date_creation": "2024-10-16T15:19:52.157Z", "product": 1, "quantity": 10, "mis_en_stock": true}}, {"model": "monapp.order", "pk": 2, "fields": {"supplier": 3, "status": 2, "date_creation": "2024-10-16T15:24:07.720Z", "product": 2, "quantity": 25, "mis_en_stock": true}}, {"model": "monapp.order", "pk": 3, "fields": {"supplier": 3, "status": 2, "date_creation": "2024-10-20T11:18:29.270Z", "product": 1, "quantity": 10, "mis_en_stock": true}}, {"model": "monapp.order", "pk": 5, "fields": {"supplier": 7, "status": 2, "date_creation": "2024-10-20T11:37:19.531Z", "product": 1, "quantity": 10, "mis_en_stock": true}}, {"model": "monapp.order", "pk": 6, "fields": {"supplier": 7, "status": 2, "date_creation": "2024-10-20T12:28:21.535Z", "product": 10, "quantity": 5, "mis_en_stock": true}}, {"model": "monapp.productitem", "pk": 7, "fields": {"code": "iPod PDCFD", "product": 3, "attributes": [7, 10, 13]}}, {"model": "monapp.productitem", "pk": 8, "fields": {"code": "iPod CRTSZ", "product": 3, "attributes": [6, 9, 12]}}, {"model": "monapp.productitem", "pk": 9, "fields": {"code": "iPhone BZD", "product": 1, "attributes": [7, 10, 14]}}, {"model": "monapp.productitem", "pk": 10, "fields": {"code": "iPad GGDVD", "product": 2, "attributes": [7, 11, 14]}}, {"model": "monapp.productitem", "pk": 11, "fields": {"code": "iPad KKSS", "product": 2, "attributes": [7, 10, 13]}}, {"model": "monapp.productattribute", "pk": 6, "fields": {"name": "Couleur"}}, {"model": "monapp.productattribute", "pk": 7, "fields": {"name": "Taille écran"}}, {"model": "monapp.productattribute", "pk": 8, "fields": {"name": "Poids"}}, {"model": "monapp.productattributevalue", "pk": 6, "fields": {"value": "blanc", "product_attribute": 6, "position": null}}, {"model": "monapp.productattributevalue", "pk": 7, "fields": {"value": "bleu", "product_attribute": 6, "position": null}}, {"model": "monapp.productattributevalue", "pk": 8, "fields": {"value": "rouge", "product_attribute": 6, "position": null}}, {"model": "monapp.productattributevalue", "pk": 9, "fields": {"value": "5 pouces", "product_attribute": 7, "position": null}}, {"model": "monapp.productattributevalue", "pk": 10, "fields": {"value": "8 pouces", "product_attribute": 7, "position": null}}, {"model": "monapp.productattributevalue", "pk": 11, "fields": {"value": "16 pouces", "product_attribute": 7, "position": null}}, {"model": "monapp.productattributevalue", "pk": 12, "fields": {"value": "150g", "product_attribute": 8, "position": null}}, {"model": "monapp.productattributevalue", "pk": 13, "fields": {"value": "65g", "product_attribute": 8, "position": null}}, {"model": "monapp.productattributevalue", "pk": 14, "fields": {"value": "368g", "product_attribute": 8, "position": null}}, {"model": "monapp.supplier", "pk": 2, "fields": {"name": "Amazon", "password": "password", "address": "14 rue Robespierre", "phone": "07 82 65 47 58", "email": "amazon.fr@gmail.com"}}, {"model": "monapp.supplier", "pk": 3, "fields": {"name": "Fnac", "password": "password", "address": "7 rue des Antibes", "phone": "06 76 56 87 47", "email": "fnac.fr@gmail.com"}}, {"model": "monapp.supplier", "pk": 7, "fields": {"name": "Carrefour", "password": "password", "address": "4 rue de carrefour", "phone": "06 00 00 00 00", "email": "carrefour.fr@gmail.com"}}, {"model": "monapp.cart", "pk": 2, "fields": {"user": 5, "total_price": "0.00"}}, {"model": "monapp.validatedcart", "pk": 1, "fields": {"user": 5, "date_of_purchase": "2024-10-20T10:46:44.793Z", "total_price": "3000.00"}}, {"model": "monapp.validatedcart", "pk": 2, "fields": {"user": 5, "date_of_purchase": "2024-10-20T10:47:19.479Z", "total_price": "3550.00"}}, {"model": "monapp.validatedcart", "pk": 3, "fields": {"user": 5, "date_of_purchase": "2024-10-20T10:58:58.673Z", "total_price": "3800.00"}}, {"model": "monapp.validatedcart", "pk": 4, "fields": {"user": 5, "date_of_purchase": "2024-10-20T11:05:49.838Z", "total_price": "2900.00"}}, {"model": "monapp.validatedcart", "pk": 5, "fields": {"user": 5, "date_of_purchase": "2024-10-20T11:11:42.865Z", "total_price": "1450.00"}}, {"model": "monapp.validatedcart", "pk": 6, "fields": {"user": 5, "date_of_purchase": "2024-10-20T11:38:42.342Z", "total_price": "1200.00"}}, {"model": "monapp.validatedcartitem", "pk": 1, "fields": {"validated_cart": 1, "product_supplier": 1, "quantity": 2}}, {"model": "monapp.validatedcartitem", "pk": 2, "fields": {"validated_cart": 2, "product_supplier": 4, "quantity": 1}}, {"model": "monapp.validatedcartitem", "pk": 3, "fields": {"validated_cart": 2, "product_supplier": 3, "quantity": 7}}, {"model": "monapp.validatedcartitem", "pk": 4, "fields": {"validated_cart": 3, "product_supplier": 1, "quantity": 2}}, {"model": "monapp.validatedcartitem", "pk": 5, "fields": {"validated_cart": 3, "product_supplier": 5, "quantity": 1}}, {"model": "monapp.validatedcartitem", "pk": 6, "fields": {"validated_cart": 5, "product_supplier": 4, "quantity": 1}}, {"model": "monapp.validatedcartitem", "pk": 7, "fields": {"validated_cart": 6, "product_supplier": 6, "quantity": 1}}]